source,destination,departure_time,log2_of_station_rank,station_rank,walk_time
7758,8842,74255,12,7183,11663
11463,990,56039,13,14931,20358
16370,7304,59004,13,13072,22604
17783,11038,75396,13,8816,14070
15088,2496,11826,13,14737,23431
7391,19146,78463,13,15543,28126
3125,18863,13048,13,15426,20444
15801,17229,75469,12,5041,16233
14044,18398,70507,13,10602,15106
6402,16913,66428,12,5426,9608
6818,16284,5215,14,18203,39711
9702,19348,23185,14,19186,1000000000
2857,12310,79591,13,14014,25527
13067,14768,77245,13,15100,25878
15461,12885,46408,13,15751,25203
4691,5194,24955,13,11653,17349
18352,332,34547,14,18831,1000000000
12470,18113,17801,14,16984,32979
19732,15631,69927,13,12485,16550
2265,17872,2364,13,15416,30884
12220,17034,22936,13,9017,17566
6710,7742,4176,13,12045,16047
474,17940,14518,12,7069,28358
6486,14278,39642,13,11491,17350
2426,12412,4267,12,5111,15746
12207,14330,10868,14,16484,27890
9380,6500,40437,12,8060,24867
18956,18875,22311,13,16288,32427
836,664,29543,14,19663,1000000000
19425,5777,80799,13,13946,25865
16515,15079,26406,13,13757,23568
1405,13620,41730,14,17089,22514
2156,9750,72265,13,10738,15529
8120,4988,38425,12,7195,1000000000
5492,1028,85486,13,12507,27984
19597,4935,12491,14,17876,35282
18539,9370,58883,12,5439,18896
13875,1472,70648,12,5579,14502
7274,6897,68879,12,7194,21390
9845,230,67060,14,17223,32710
8387,10841,2681,13,12996,23504
12110,1738,79201,11,3094,10625
18209,4582,67155,13,15463,19333
16885,569,12427,14,19542,1000000000
16001,8693,30486,12,4351,11495
19140,18810,23804,11,2614,10341
2059,19363,84297,14,18868,1000000000
8377,13568,25015,13,11751,22692
8596,17640,17185,14,17228,38246
7556,5088,78193,12,6132,13437
17571,4361,54590,13,12567,16453
18155,491,19840,12,7845,14220
1738,3945,23806,13,8492,13357
9002,10591,36585,14,17736,25304
6111,14803,77102,14,18393,32866
9908,13274,24776,10,1178,5369
14920,9314,48780,13,12764,17225
1829,12067,53976,13,8391,26380
8454,10789,76250,12,4888,10516
9330,13508,66457,12,7523,14824
9698,16032,83643,14,17187,30861
16843,9106,63538,13,9771,26632
140,11591,77527,7,177,1000000000
6976,8399,51435,14,18146,28399
17027,8173,81212,13,8266,16679
15768,12127,64539,12,4140,15031
15207,3772,11660,14,16727,33432
2575,3252,62418,13,11704,21081
15317,6272,82929,13,15022,29985
3420,1574,41995,13,13025,35017
7391,5246,53659,12,4329,11665
2211,19668,59129,11,4086,13531
14001,76,86120,14,19208,1000000000
18381,10695,59552,12,6145,10743
17615,12188,9518,11,2655,8071
8577,17584,47847,13,10194,18057
8529,3920,27000,11,2620,12700
9783,11923,64782,14,17556,26772
4250,18846,22213,10,1636,9635
11769,503,50280,14,18674,1000000000
8866,1379,35599,13,13986,33862
561,3047,48636,14,18094,1000000000
17027,5131,7220,13,12332,22198
8707,14411,1626,13,11155,30392
16441,13077,69180,13,12671,30676
12377,11157,32983,13,13056,27123
15427,17672,60264,13,8882,29929
3832,13216,33595,13,11483,17160
4813,5496,34542,13,14249,26650
16373,14000,60002,11,3516,15741
18020,16723,28705,13,9001,20795
17320,18944,71925,14,19063,1000000000
4109,8749,70196,13,9963,14507
13444,11102,14137,13,8301,12965
1347,18812,34387,13,15145,22201
18193,2412,85726,14,16667,25102
11660,13537,10224,11,3042,9916
6572,15606,53336,14,18188,42956
11820,7497,13848,14,17526,28384
15034,10768,29440,13,10762,15618
2623,9153,46236,7,190,2044
3545,124,22748,14,19523,1000000000
4515,14407,41895,13,12424,1000000000
1187,6071,75406,14,17998,26025
1036,16778,638,12,8105,13290
1281,2292,82667,10,1817,10441
18052,10311,47994,14,16499,22822
14977,16761,8798,12,8147,13764
1821,3947,11743,13,11554,19217
15695,12607,37549,13,12915,21724
18476,538,49453,14,18797,1000000000
13237,16988,44635,13,14996,32332
13569,19436,68594,11,2484,10543
12949,13227,37294,13,10443,18413
7078,6542,29977,13,8841,13648
1431,7844,64653,13,10299,19141
10872,3977,48030,13,15619,21798
19712,10266,82952,8,501,3595
14548,18012,55947,13,13262,27600
422,19248,74590,13,15437,1000000000
3854,3252,42842,12,5020,15191
239,8279,18265,13,15683,1000000000
14969,14591,11958,13,14231,26978
17861,14232,72678,13,14904,24164
11774,5380,29585,12,6569,11515
3690,16406,53073,14,17139,37255
15408,6559,76547,12,7470,16818
2548,15661,24258,13,12962,18773
17764,13273,32558,12,5538,10249
11256,7504,58833,12,7905,17647
5513,17424,76130,11,2482,10176
16054,13197,85017,12,7537,19230
19217,2289,44444,11,2200,1000000000
14701,19294,16576,14,19648,1000000000
1359,2908,28299,11,3702,7700
14925,17248,60821,12,4562,10057
6497,4035,15961,13,10033,16704
1290,16555,73201,13,15900,1000000000
17180,15470,6289,9,794,5008
14987,5311,23878,10,1090,5732
7461,736,34104,14,19505,1000000000
13257,7989,56045,13,9462,13921
11112,11248,57290,12,4846,16528
12065,18369,75014,14,17220,36284
1060,16789,915,12,5057,9835
11113,11288,10754,13,13572,28749
3913,4498,66892,12,4705,15524
4874,12551,9600,11,4048,11712
13191,2935,44465,13,10862,26038
7142,5125,44552,10,1074,4796
11406,6931,65141,13,9841,17118
1337,8211,27300,13,14699,21155
17465,12471,13577,11,2353,8877
4679,7228,26222,13,11446,26731
16714,1390,2573,12,4118,12341
1996,12387,21608,12,6075,17453
9865,1349,31000,12,5272,13429
1739,114,77420,14,19578,1000000000
13933,14483,2023,12,8062,16210
6901,659,47641,13,12170,23368
13875,2765,25695,12,6053,15085
18131,13395,53836,11,2855,7918
17290,12352,50468,13,11420,22998
11297,15794,55594,14,17722,28257
16706,880,55911,14,18987,1000000000
6034,6868,31567,11,2618,19697
6239,3315,82084,13,10386,21245
1048,8882,28231,13,10666,21137
4278,5600,59276,14,19699,1000000000
571,8242,55381,12,7016,1000000000
14464,5445,19958,12,6292,17675
279,3056,21727,13,9399,1000000000
10375,8097,28072,9,626,3063
18022,13283,58915,13,13668,24539
14270,665,84946,14,19727,1000000000
13563,1591,79624,13,12360,17658
10747,416,56197,14,19037,1000000000
1778,7951,43653,13,11909,18632
12208,18138,77434,10,1169,5809
7579,12533,64495,14,18460,39241
3400,5817,44640,13,8805,13863
18600,5399,66945,13,12441,29142
7072,1195,52813,12,4257,11776
13455,4303,85104,10,1160,4632
14893,779,54377,14,19721,1000000000
13912,14639,27464,13,11910,20940
19611,15024,48351,13,15358,19410
13338,15941,28594,9,720,4078
6086,783,1150,14,19194,1000000000
17454,1676,66074,13,13846,28457
10237,7602,9216,12,6551,23532
5596,16878,73506,12,4955,9441
14966,15186,41864,13,12393,24228
5071,7270,43352,12,7773,26442
14811,19498,14423,13,11816,1000000000
15609,15717,82851,13,12835,16894
13827,12091,58927,13,9131,20436
2085,14769,46707,10,1360,5486
5773,9503,8197,12,5656,19569
15435,10172,79977,13,9656,23951
8564,11173,72862,14,16400,35653
16735,19047,24139,12,4612,12828
6789,10108,66860,13,8767,23282
19425,18984,50728,13,13856,25700
10185,14672,24140,12,5845,20042
8511,3035,21901,12,4226,9175
558,13759,52001,13,10825,1000000000
4933,13367,53814,13,10553,15141
18202,9871,40261,14,16490,22555
14346,1294,20416,13,9835,22184
19587,17351,84535,12,6402,11611
18076,15669,82550,11,3641,10098
1184,15445,9540,13,9575,20758
4860,9123,14259,14,16849,37467
6264,17838,1035,13,10703,21793
15846,10613,20201,13,10977,26754
8307,192,21139,14,19413,1000000000
13310,616,71115,14,19165,1000000000
17330,886,22897,13,13003,24856
13587,11345,30165,12,4942,9785
16157,452,69001,14,18928,1000000000
16406,11577,49296,13,10898,25252
16141,11368,16820,12,7152,17128
18483,13367,64041,12,4462,1000000000
8347,6817,78608,10,1875,7568
7515,1041,5433,11,4033,9078
8352,6779,63895,13,12782,34356
8269,7918,65698,6,65,1381
18465,17157,11980,13,14812,30291
1759,5751,83141,12,4874,10975
14567,11192,18945,12,5188,9187
11380,15086,11587,13,8892,15719
17548,16236,46790,11,3598,7386
5045,8403,50046,13,15549,33725
4047,16648,31600,9,527,2610
9191,14681,52894,12,7455,12309
15433,5945,9155,13,15190,23617
5168,2128,84801,10,1236,6281
9894,8703,20324,12,4741,10213
13614,11988,81602,14,16739,37412
16007,4788,16877,8,298,3318
369,3961,45159,13,11840,1000000000
13096,6144,7622,13,13596,18975
15143,6398,26416,13,13434,20869
15906,12419,40975,13,15761,20968
10925,17450,69571,14,18265,42223
10980,14172,39826,12,7803,1000000000
13590,771,45101,14,19199,1000000000
14171,18284,63691,13,13240,26487
7585,5230,73575,12,4591,9355
18278,7665,20254,13,14898,27844
6089,18992,81941,13,12559,19498
668,10992,8423,11,3829,1000000000
17742,4573,25470,13,12914,22874
18570,11590,34498,12,5619,9851
12636,9921,27457,13,9221,20601
9732,14691,33329,11,2522,15918
8631,7457,84127,12,5088,15512
19037,4280,10954,13,13753,23976
16542,1818,38346,13,10220,17272
9885,5492,62221,12,6855,15638
18171,1483,14893,9,949,4400
9497,16591,73034,13,8265,25817
7979,2762,29097,14,16930,28106
17747,3632,78294,12,7897,13533
3255,6475,56579,14,17893,32370
15119,17755,65841,11,3308,11179
10708,10074,65598,10,1301,6687
13913,17577,41042,11,2059,6982
18208,16491,68013,14,17852,33893
9226,10551,8814,8,335,5578
18071,16177,7978,12,6323,13500
817,2185,11818,14,18050,1000000000
3509,870,46145,14,19308,1000000000
3316,1592,6114,14,16424,37853
16562,5727,63702,14,17829,24527
11142,8250,81036,12,7547,15253
10389,1356,27359,12,7836,21355
3363,17619,80473,13,15984,20815
13418,16613,13464,12,6159,15314
14122,12571,82136,10,1695,7794
13973,6305,17331,9,871,5140
9574,12383,28281,9,638,4333
15716,6752,61145,13,12466,24729
11034,12265,79083,14,16931,33152
5670,1353,37761,12,6322,17905
14329,18912,24523,12,4644,16726
8074,8850,39286,12,8014,11914
623,6452,72488,10,1313,1000000000
13649,11748,28123,13,11163,15228
5516,8798,59033,13,14895,23882
17064,17479,23530,13,16110,31950
19249,12879,27574,13,11583,22428
11836,12539,71209,13,12571,25282
15144,2418,8535,12,5972,12090
15447,9897,17352,13,12657,35744
15402,17691,82209,13,13578,23257
3284,15322,57408,10,1475,8378
3760,8591,46577,14,17711,38014
17089,1718,11514,12,5913,15906
19666,15094,25145,13,12334,30342
14432,13038,2420,13,9733,29236
14525,10550,26737,11,2790,12469
7386,11332,4144,12,4571,23900
15979,9721,11807,13,11429,23771
6845,17330,60674,10,1303,8068
14425,9884,2170,13,9538,15581
19071,10788,79435,13,9656,23720
6445,3103,68008,9,529,3350
14052,14424,78020,11,3430,13135
19061,13002,42515,12,6000,10007
9276,6525,16932,11,2446,10223
18223,3746,40763,13,15230,38760
6155,3082,59009,13,12191,22862
10452,5488,69474,13,12540,31052
12203,3981,14920,13,16153,25070
18284,11998,67917,13,9718,18923
17258,16415,33889,13,11253,19315
13037,206,23071,14,18954,1000000000
6530,2592,14706,12,6273,1000000000
5202,13820,79084,14,17723,35075
7484,10507,31948,13,8880,13667
7392,14471,45728,14,17537,34597
2280,6849,7358,12,5985,12574
474,5142,63693,13,12817,36564
19476,11534,776,14,17723,32015
7899,18558,36542,14,16835,32286
3808,11588,65204,10,1223,7424
19387,6180,6464,12,6978,12644
525,9654,69428,12,6286,1000000000
1212,3684,9382,12,6288,10569
10656,7477,57257,7,231,2735
13174,17837,85805,12,6058,17753
8766,14477,10274,13,15361,32852
7418,12579,3070,12,7861,22023
7930,16987,27970,13,12147,24856
1345,14758,63715,12,7737,15105
13555,10332,64705,14,16400,34235
6476,4838,61271,12,5727,25010
10852,1856,71727,13,14370,20369
1068,2458,54130,8,414,3602
18706,6784,63150,14,17720,29605
8137,13635,11010,13,13315,25547
9443,2344,26406,13,15631,20190
13273,9137,84159,11,3538,10745
12500,11747,78607,13,14030,24349
13137,987,77862,14,19012,1000000000
6056,7901,17667,13,9499,14890
10986,7679,63913,14,16428,25052
5523,15318,80633,14,16597,27133
14008,8078,22975,12,5428,14866
12208,7739,36460,12,8103,15457
12855,9407,42199,11,3221,9362
8052,17387,24736,11,3869,10163
2108,14626,56895,13,15302,19479
4227,131,41288,13,14377,24148
10686,19616,56459,13,12572,17463
15054,16912,14885,10,1472,6923
660,5882,54589,13,14261,1000000000
776,4489,8917,13,13072,1000000000
11318,15969,83146,13,10257,19086
11163,15480,86305,14,17441,33750
15179,216,82208,14,18949,1000000000
11698,830,44307,14,18880,1000000000
2273,9070,82657,13,15655,23283
5327,4132,77347,13,11780,20565
16162,15525,2136,13,13778,22694
8160,836,29682,14,18883,1000000000
12926,8485,21607,12,5859,11248
18107,6809,74259,14,18944,1000000000
17430,18035,35350,13,11026,24316
2275,19215,28856,12,4643,11046
3489,17286,20573,13,8863,20753
2950,15936,5781,13,10566,19055
19139,6807,26502,13,9292,19986
15245,14227,42321,10,1219,10655
11613,10671,69327,12,6743,16334
5393,8949,76332,11,3018,12398
8665,4494,5746,13,9742,20570
9759,9538,54771,10,1231,1000000000
16118,12861,19220,11,2241,9685
4415,7794,41037,13,15203,35996
10145,19320,19724,13,13441,35072
4506,2105,74404,13,11290,25290
16399,9417,80420,13,10339,20267
4202,3662,2650,13,13300,32357
7628,4801,9509,12,6636,22195
9430,3756,3758,12,6656,12223
11393,6340,38586,13,9051,17019
10353,5841,61545,14,18574,1000000000
9500,13449,29420,12,7644,20966
7194,1199,33245,10,1218,5242
2546,9525,54766,11,3453,17539
9393,14,17702,14,18715,1000000000
15216,8274,22037,14,16785,33911
17816,3440,42627,13,14771,21199
14217,10136,9128,9,982,5841
17705,19206,23989,14,16505,21727
12133,1591,82546,11,2912,13477
14891,8591,75572,14,17804,29849
16724,19640,30750,14,18164,39869
10853,11700,37860,13,10065,15288
11743,18958,69870,12,5337,15481
2804,7440,46590,13,10702,23597
5503,16655,31578,12,7958,16242
13341,7496,35186,11,3026,1000000000
16043,19470,47496,12,4747,12218
19488,8296,7907,13,14001,28624
10003,15465,3746,13,12426,29112
3668,15920,58070,14,16835,29852
5322,19270,33092,13,15080,28795
19409,489,16509,14,17043,31780
7278,1057,60182,12,5461,19701
6964,892,62160,14,18983,1000000000
10143,19723,65883,12,5701,11668
10019,11300,18480,13,14882,27578
8175,2278,48061,13,13728,22899
3623,8441,30599,10,1843,6612
6631,794,53803,14,19183,1000000000
2164,8355,44514,9,720,4937
6941,17050,83226,13,11984,19467
16002,16061,72165,13,11454,21333
9260,12773,6844,14,18473,31283
8274,543,21363,14,18138,37219
5718,284,46395,14,18739,1000000000
11212,3618,79881,13,8949,16021
13523,12002,13527,12,5813,10344
10189,1122,56025,13,15801,25406
802,11950,17677,13,11361,24949
12403,1852,23030,12,6711,11621
13441,14220,34583,13,14023,20462
13683,3221,1347,13,11509,19743
12647,13212,65582,13,11380,20814
12440,12134,11594,13,11619,18869
16584,13890,56024,13,11822,16551
14634,14841,46854,14,17658,35481
10563,416,13033,14,19037,1000000000
7192,12355,83276,13,12652,24819
6312,1601,39836,13,16043,33894
6506,2485,20856,12,6105,12227
10589,2936,31345,14,17785,33014
3744,15780,35827,9,882,6236
13011,18368,54429,13,10001,21152
6291,17488,73796,13,16274,34815
19110,10357,67790,14,19282,1000000000
595,5096,41796,12,4778,1000000000
4378,5206,56991,13,8817,13320
798,13450,10200,13,11991,26212
18325,12,53548,14,18612,1000000000
15036,14011,27497,14,18496,32420
8972,3501,31272,13,15780,32817
7656,10014,10394,13,15758,32374
3279,3706,19287,13,9561,15099
9908,1172,72249,12,4818,10843
15487,3749,17357,10,1380,7330
6620,1646,73834,12,6231,16980
19293,10687,14801,13,10732,1000000000
9351,1123,73242,13,8284,17370
95,3010,40486,12,6415,18239
10773,12607,35830,13,13512,27183
16892,15810,43264,13,10392,20564
3779,13953,29402,12,4586,21752
17762,2651,56408,13,8222,13554
6361,4365,21144,9,1023,8479
16260,13706,81270,12,5611,12388
10849,7428,20207,10,1829,5815
19379,11712,82456,13,14148,25086
16499,18238,18679,13,13248,28820
15449,2924,62117,13,15753,29616
6819,18430,82899,13,14337,1000000000
12063,414,84140,14,19035,1000000000
2335,7525,83785,13,15256,26163
8031,7363,70063,13,15043,1000000000
12552,6835,83332,14,18113,25591
11407,15814,58044,13,9250,16495
9631,14023,21309,12,5505,11814
5126,13318,26572,14,16443,28888
7502,1354,53608,12,4424,12783
5445,12601,37450,13,13550,26128
2456,4437,70841,14,17028,26827
18084,3944,65207,13,15515,28703
1533,2546,7189,14,18407,29816
9048,4541,22073,12,7632,14891
9212,3660,8540,13,14348,36818
14926,4902,26808,13,11038,16399
9183,198,71523,14,18950,1000000000
17524,844,58585,14,18889,1000000000
15040,8152,64245,12,5892,10765
1649,17513,78752,9,1008,3528
6186,18377,33684,11,3787,23489
1847,6370,15312,11,3113,9498
16886,14102,46671,12,5017,13637
17877,14319,60157,13,16212,28458
19564,12686,48417,11,2540,7322
10539,13892,60568,13,11584,20546
16317,10550,84216,11,2654,7581
11303,3231,26734,13,8616,19704
9064,17483,81287,13,9912,21156
12688,13576,84021,13,12622,22627
3742,7731,46731,13,11319,24698
4109,4747,23362,12,8054,12732
6510,183,54181,14,19108,1000000000
11374,6915,59001,13,12148,25836
15822,2856,42894,13,15896,21904
4296,8315,10578,10,1723,7022
8557,11619,51822,13,13333,1000000000
1576,12930,48145,13,10269,21622
14100,15252,42154,13,13564,28957
4792,8351,7424,14,18177,27181
6886,873,32763,14,19325,1000000000
4398,15815,15774,13,15121,29189
5400,185,41276,14,19107,1000000000
3349,2160,59510,13,14318,22493
5362,12407,66039,8,311,3457
14439,15596,54650,13,15604,27254
15845,17628,16312,12,5622,20047
5373,8072,55169,14,18318,37661
10146,11695,73484,14,16505,41455
11106,2744,19214,10,1859,6365
4939,7247,35770,14,17674,34605
1299,15783,5598,12,7714,12431
12340,1477,43852,13,12333,23437
6014,1501,45174,12,4205,9458
9647,13914,48980,13,8510,13549
6173,16013,14107,12,7121,21446
13786,4044,63930,10,1126,5105
13157,10149,80610,12,4158,16118
787,10888,85044,10,1997,1000000000
12730,9351,16415,12,6083,13213
6256,10324,46363,12,6251,11365
7779,18211,74925,9,667,3255
17649,17704,28297,14,17131,27856
10290,14296,61381,12,7195,15924
9665,19319,84999,13,8224,13712
14913,11551,29115,9,574,4002
16770,17794,35009,11,3978,20988
10180,18082,46705,13,9615,21839
3615,5726,73989,11,2429,9111
1294,14020,48386,13,14649,20362
1816,12447,39633,12,6950,12743
10486,7619,5866,13,14191,28164
16075,7543,64122,12,7363,17077
5840,16452,5852,13,15954,1000000000
7359,3698,65787,12,7666,13315
18761,2135,43802,14,18749,1000000000
8446,17569,85843,9,654,3604
2383,3159,9808,12,4328,8997
5545,3715,11640,13,10312,25124
19414,2897,13896,13,13743,25905
11002,19462,70585,13,14078,24215
13389,14618,15235,13,14671,34768
4674,6007,9150,14,16992,22956
17493,1010,60832,13,9191,25937
8714,4385,19617,13,8492,24637
13167,9193,37672,7,253,3442
2510,5910,78235,13,11927,19272
1134,17246,18955,12,6851,11464
6896,7351,48436,13,12081,16919
15523,10183,1825,13,13179,25027
6263,7326,75193,12,7378,17106
16132,19216,58943,14,18443,32287
6569,12045,4581,13,12566,20747
18170,10338,32835,12,7324,19419
17609,10995,80540,11,3144,7219
4502,9397,25693,13,9972,19962
8143,8053,24457,13,15732,34362
7241,804,81505,14,19587,1000000000
3770,17895,25132,13,14665,28083
692,9172,4320,14,18287,1000000000
12688,4786,45349,13,12230,22133
15647,7702,16923,13,8607,18669
13386,9140,42340,12,6571,22139
18863,11609,42719,13,8876,22084
17200,379,83390,14,18932,1000000000
13147,5635,55482,10,1558,7591
17238,8884,42676,13,8911,17810
6043,16605,35396,14,19347,1000000000
4737,3890,56035,13,8529,24358
15614,10672,42616,10,1944,6950
10222,19259,71051,13,15915,24456
10738,14075,2840,3,11,550
11033,5102,53648,13,15403,29469
6308,3625,65043,13,12838,17495
19570,19159,66240,12,8035,19690
6798,14211,3816,12,5394,16181
1103,14865,4733,12,5545,9999
10113,6741,38537,13,12615,17815
3714,17414,67317,12,5004,16554
6504,11515,44894,13,9605,16802
10394,17426,70859,13,15777,32136
1162,9855,3469,14,17202,31784
11680,8496,13226,13,16029,23789
17299,13309,26115,12,6988,18048
15604,17058,27632,10,1038,9657
11494,6655,32541,10,1152,4265
11294,5843,69441,13,12413,18780
6324,19572,39320,14,16687,27226
2323,13919,77872,12,4993,15363
19316,17259,61411,13,12029,25272
10499,1676,1156,13,9195,17509
2875,7481,56770,13,9077,13328
14600,11510,42198,12,6076,16804
1609,4339,228,13,9235,13430
15703,16692,43462,12,5801,10524
15351,15453,52777,13,15815,25011
10900,15009,38291,13,14961,25607
1523,12829,70277,12,5508,10983
9880,12721,3560,13,16341,25271
13268,737,78375,14,19662,1000000000
5594,2445,70852,13,11859,20908
2124,435,74249,4,19,834
16564,10455,30872,13,15377,21969
10035,6959,68417,12,7150,11580
18867,1101,59930,13,8334,21618
4986,15508,24999,12,5665,23120
18521,13218,72288,12,5011,17323
1946,1091,80015,12,8014,19589
11005,642,53908,14,19073,1000000000
8212,9981,32752,11,2182,5751
14680,14017,48469,13,15162,28075
5789,17330,25381,13,14228,18744
2658,6336,77650,13,9447,22976
8699,19251,7894,11,3021,10707
12085,10019,50052,10,1181,9405
7573,348,59210,12,7552,1000000000
722,8639,10446,13,8194,1000000000
14591,9073,22553,13,11202,20574
5386,16594,66418,14,17393,35219
12239,10322,53766,13,14438,32000
3066,5342,2589,13,10363,18682
10467,15818,11394,13,13656,24261
3448,1786,34892,14,17314,34136
11485,7494,85612,13,12593,16584
11764,10854,60031,14,18034,46513
19103,9504,20469,13,11504,19354
12756,11725,63106,13,14645,27806
14410,16632,45440,10,1527,5629
17464,296,10134,14,18976,1000000000
4718,18033,14913,13,10571,15402
9030,5725,48403,13,11536,18368
13374,13013,2553,12,5456,21040
1037,9356,64012,8,339,2692
3782,19057,30687,10,1166,4166
17421,12481,20694,13,9176,15814
17074,7794,61334,8,411,3513
10712,18144,54691,13,13707,25426
13638,6901,39039,13,11951,16333
3531,14360,56344,12,7606,14214
3254,9012,51795,11,2727,7830
6269,6304,55235,14,18207,1000000000
19132,5126,70100,13,11302,17430
10593,12789,21984,11,3719,11995
16557,16708,32249,11,3737,9069
3134,10445,23672,13,14309,19302
10223,11756,45301,13,13074,19376
11702,2249,49501,12,4684,10529
7095,12184,58018,12,5030,15735
8922,12558,23944,13,14471,21293
11150,16637,77045,12,6711,15929
3529,7314,30721,10,1151,8310
848,16777,35631,13,14996,1000000000
8634,2101,21639,13,12425,26147
7650,13887,85643,13,14609,19377
15045,7664,77360,13,10092,15441
684,4110,78840,13,10270,1000000000
5752,15233,76242,13,10413,21819
11748,4177,69732,13,15597,28672
13149,9017,31487,11,2363,9560
15300,10534,28216,13,15195,22230
3038,7981,25489,13,12208,27087
9987,17400,55669,13,14888,29569
916,5611,61746,14,19506,1000000000
17415,11719,46854,13,15903,20509
3284,6989,8092,11,3130,12312
8799,7761,2448,12,7532,18504
11478,8538,64533,13,15458,27995
10796,3158,23429,12,5227,1000000000
17347,16682,53559,14,16432,31646
2415,9988,48026,11,2696,9664
13898,5483,6565,12,6104,13651
7122,11456,68925,8,260,1921
6141,15959,12649,13,13306,25261
9076,11931,57290,10,1051,8502
12203,2891,49135,13,12778,20831
616,820,36337,13,16099,1000000000
5427,4864,10823,9,730,4047
8404,213,4026,14,19103,1000000000
4355,14225,24101,13,10736,20062
4371,6217,72831,13,9140,26492
15140,14820,80005,12,8087,20604
16481,4767,74781,14,18258,38069
11233,3250,16268,11,2500,8142
17028,17869,82451,10,1777,6690
6224,3942,21961,13,14630,25165
17962,5273,85983,13,12822,23496
650,3018,79338,11,2927,1000000000
8015,10828,57952,13,9993,16928
8945,18231,49194,10,1054,4895
8838,11492,63255,12,7270,19471
13064,15115,71352,13,11993,30015
12012,5803,69101,14,17475,23073
13089,3692,81207,14,17684,26805
13115,11488,43288,13,15284,31345
19297,11652,4944,13,12415,25669
3069,456,43995,14,18933,1000000000
18939,5006,20167,12,4235,11100
14090,12392,77096,11,3718,9698
11727,17920,62791,13,16377,27444
12285,5578,22526,12,4805,9034
14969,18157,73614,12,4459,12410
1896,3128,55412,13,15863,35966
4323,13161,86140,10,1902,6617
11382,5178,7011,13,10917,17780
4250,13805,68383,12,5081,16199
17994,4914,85401,13,13083,21901
9471,8148,79846,13,11851,16559
4872,3187,24438,11,3757,14439
8843,18656,80865,14,16551,23323
5827,4565,23866,12,8090,14328
914,8323,32052,12,4672,1000000000
4766,15001,71339,11,3521,20076
10338,3888,78621,13,11005,16954
4115,8303,19796,10,1588,6254
16086,3450,19100,12,8072,13914
19591,6165,81875,14,17220,35708
8575,15007,15248,14,16702,43746
17998,17158,36996,14,17526,29694
1969,4073,14010,7,229,3906
11922,7723,15370,13,8888,26683
2999,18811,44000,13,9769,27397
17150,9992,49559,13,9801,17145
5456,8437,54274,12,4663,11584
7406,2344,25390,13,10920,25019
16916,5824,29768,13,15210,24154
9978,18271,39404,13,13150,17781
9110,11252,75662,13,15656,22366
13447,4080,14146,12,4925,11372
14010,2875,6739,13,9673,30146
670,10529,5927,14,17261,1000000000
9948,7204,32529,14,18108,36380
656,15109,62416,13,10536,1000000000
19660,1802,78286,13,12390,16551
10627,1074,43303,8,303,1745
10764,19299,5152,13,14671,22778
5594,8234,36656,14,17462,30994
11908,11080,39476,13,10964,24331
18620,19181,43296,10,1997,6688
17093,10839,24518,13,13934,20498
7966,17815,25552,12,7564,13792
17004,15411,36978,13,10548,18717
14427,8069,27430,13,13987,22762
11771,10661,37156,11,3246,9456
11127,14432,24638,13,12566,27490
11671,13721,77879,13,9736,17718
2679,19028,63123,11,2970,10083
18919,2,9335,14,18617,1000000000
1847,19289,18177,10,2028,7682
8580,1128,72969,11,4054,9577
18463,8621,53643,12,6703,18157
12890,10764,11936,12,4504,15639
1599,18883,825,13,13686,20470
13632,16399,36031,13,10928,15376
16162,16721,82413,13,16039,26820
16533,17400,84324,12,6747,18127
220,15113,22871,13,11062,1000000000
17937,10082,69671,13,8869,14523
9717,9813,66480,9,857,3445
18169,19429,85220,13,10394,23329
13943,6990,25030,13,12823,26992
18303,18507,54266,12,7844,19170
12522,12731,38357,11,2451,10961
16137,5537,2325,13,9798,22397
14858,12665,11747,13,11848,23317
9065,15690,51314,14,16629,26449
12867,2071,72763,11,3281,21566
2545,6781,490,13,14989,37639
9129,2257,25201,11,2218,7448
18224,11299,21788,13,8454,29745
7799,9363,9925,11,2918,14022
13493,12188,13552,13,10782,22947
5733,8928,7508,14,18230,35045
10303,12924,41791,13,11445,27917
9269,15080,22769,13,12289,18535
8567,7254,33746,12,4434,11102
8500,16433,64446,13,10981,21320
13522,14553,15261,10,1074,4183
1816,16901,76081,13,16233,25047
16620,16784,85680,13,13491,22373
12122,584,79628,14,19153,1000000000
13536,9887,46102,12,6372,13528
19402,865,67505,14,19309,1000000000
19504,19373,51825,12,5056,11286
14452,15997,25916,13,11913,16499
10363,4970,76100,14,17158,34230
11070,11481,22367,13,15075,26929
17998,12025,81075,12,4156,10274
16911,9600,71520,12,7422,12711
9161,4228,7408,13,8577,13492
19058,17856,41633,13,13938,20181
5908,4099,40007,11,4026,12246
14763,8924,17457,13,10786,16374
17312,2151,13931,13,15126,29342
8729,16816,74365,14,18337,48150
3146,4142,13340,10,1988,9598
14367,12889,72553,13,11342,24518
2018,14866,16887,11,3355,15044
10023,9296,84112,13,14528,21213
2720,16540,66710,12,5772,23291
1030,18723,50610,12,4478,11975
18743,19241,17445,13,15709,28528
19352,3292,325,13,8955,18454
1063,7926,8170,13,9016,13011
8629,13619,71408,14,17522,40411
19021,14967,38816,13,9672,20918
19484,5387,20397,13,13870,20719
8990,5028,19855,13,15398,27243
5956,9343,8575,12,6371,10524
1145,2471,58198,12,8096,12936
4871,9653,58935,9,603,5336
2584,16311,76352,13,8820,16351
18032,2151,63507,8,430,3157
11711,4189,51651,13,13680,27103
14365,16841,6369,10,1921,7879
11007,1276,74766,11,3352,12592
12897,3610,57036,9,576,4720
582,11698,73634,10,1320,11734
7304,845,49581,14,19319,1000000000
13800,165,50553,14,19210,1000000000
12036,4477,28158,12,6029,12898
724,3644,16299,13,15823,1000000000
16184,6927,63804,13,16195,24138
2750,10987,19555,11,3155,8625
2302,14097,38889,13,11280,17314
16922,261,10762,14,18821,1000000000
3247,12678,60210,11,3269,11486
9780,1728,66595,13,12390,16856
16338,6004,48726,13,10479,14617
3880,16382,28021,11,3821,13117
10999,10339,56083,13,11213,22150
7163,12411,25,11,2547,7201
10392,10800,31906,11,3865,12774
16328,13772,84077,10,1305,5908
3305,9017,82896,12,5800,11119
4858,11327,78976,13,14862,20930
15510,4362,85429,11,3487,12676
8925,3840,58913,12,7362,12940
3806,8629,34567,14,17764,27960
17334,4608,42601,13,11526,20976
2487,7444,43952,14,18540,1000000000
16234,9922,60213,10,1387,4207
14657,6515,25788,13,9323,13708
336,7347,62640,11,2261,1000000000
49,374,79090,13,11589,1000000000
18308,14622,4344,14,16761,27683
13821,12091,54627,14,17014,37187
17892,6659,55932,8,404,2899
19627,14806,81019,14,16595,23606
17105,18321,19261,14,18871,1000000000
1938,12895,46584,14,16828,26697
8970,12793,1088,11,2483,11126
17189,11812,33771,13,11923,20077
10554,18774,43785,14,17729,25408
13653,15554,38683,13,12673,17869
9322,1336,52854,13,11539,33448
2578,17628,5787,13,11588,20450
14677,9339,28837,13,14036,30175
14324,2364,49195,13,9269,1000000000
4168,13594,63532,10,2043,5988
2219,10429,86265,12,5472,12807
11115,3118,53547,13,10850,22673
5629,17246,69409,12,7338,25698
17493,2933,8370,14,17967,44209
11984,1545,63986,14,18060,33329
8910,1294,27511,12,6183,11612
448,2443,14057,13,15300,1000000000
7618,5851,10609,10,1157,5733
15953,10076,47431,9,933,4589
14610,6996,80714,12,7870,13146
131,19415,78054,13,15746,33021
9044,1947,79968,12,7619,14545
12907,13088,522,14,16676,30978
4569,892,61076,14,18983,1000000000
64,8398,57255,14,19410,1000000000
16302,17419,54378,13,10141,20718
13061,14796,36333,11,2265,14517
9031,11794,21550,14,16659,26428
4103,18166,18968,11,3620,10565
2611,5974,27614,11,3215,9938
14472,19368,44983,11,3722,8125
8469,621,26594,14,19014,1000000000
9667,18741,86340,13,11613,16896
8626,7318,34361,12,5898,11963
6101,513,65521,14,18628,1000000000
5924,4175,79936,12,7757,18365
6215,9262,28627,13,11246,25214
7746,3898,43628,14,16988,27352
13754,4237,19787,12,5965,13050
16828,11664,66673,13,9848,26239
6099,1477,13860,12,7503,13365
17627,13031,54945,13,15720,31338
16578,3546,23353,11,2988,9761
1743,5187,15062,11,2858,7597
476,19157,8410,13,8682,24226
3340,14954,48424,11,2077,8230
16792,10326,73274,12,7919,12812
13335,4206,44625,9,870,4759
3036,2323,82664,13,15935,23800
2655,5544,31265,14,18397,32411
452,15778,19756,13,11789,1000000000
15048,348,1701,14,18656,1000000000
17306,2937,74441,12,4534,11139
12066,1477,69004,11,2415,13405
8511,6678,4322,13,12419,19453
1994,4933,11080,13,10233,21096
8835,4610,56058,13,12177,25846
13200,10418,15805,11,2085,6274
5447,9142,24457,13,12587,19036
4272,14132,44835,11,3358,9288
7629,17031,13975,14,18277,34792
7873,10616,22470,11,3742,9608
19168,17783,38707,13,9879,21478
7086,15395,29644,12,4745,12292
19145,5565,22003,13,11952,26861
4030,15322,34141,13,9914,23351
2840,11866,34032,13,15057,20893
6122,9677,20259,11,2668,11918
2250,5910,43201,10,1522,9368
17866,19306,35814,12,7781,12328
12986,18756,37285,13,9526,15276
17225,186,15117,14,19415,1000000000
8709,7952,11907,10,1988,10388
4846,9079,44793,12,7454,12403
3239,8226,43012,13,15634,29074
19287,17247,33128,13,8546,20796
18886,2126,10572,12,4116,17207
4573,10400,83662,14,16662,28737
8585,3728,65607,13,15357,20056
18374,6013,45926,12,6383,13263
13820,12410,22047,13,13855,29421
16172,4554,40220,8,308,2547
16179,8114,37415,12,6251,14324
9405,2725,8381,11,3960,11987
3580,19660,41279,10,1463,5024
4800,19230,57635,10,1925,8603
15782,14994,51679,10,1862,7352
13887,16281,37386,11,2962,14389
12353,1843,14706,13,13441,23929
10839,9673,72208,13,15224,26318
16088,2772,65395,12,7283,18101
15296,14880,46021,14,16926,30094
3834,13246,520,13,16314,23603
11355,8926,20412,13,9559,18763
4471,16324,29943,13,13060,28983
9057,3182,57427,13,12154,17481
5049,4633,59959,14,17261,33607
18679,6327,42892,14,16912,32088
7775,6437,16230,13,13293,23380
13371,7251,71766,10,1267,8434
3281,12529,27225,12,8034,13958
1754,4951,6133,11,2351,8388
5968,1232,34820,13,10132,19914
4396,9984,8915,13,9080,14147
14810,502,67100,14,18631,1000000000
3967,3204,4800,13,9713,23067
7494,11228,71465,8,339,3295
15291,9761,23064,13,8545,19178
16191,4130,82464,12,7896,12979
2540,8934,52762,12,6783,13355
15498,7130,32602,13,10570,21730
14901,6938,70183,13,16066,26849
11666,10443,59273,8,498,4253
9073,13466,22206,13,15418,23680
12130,13724,54741,14,17641,37287
17944,2895,81154,14,17616,25282
15871,15262,69676,12,7089,12260
2210,2758,67590,12,5141,10014
4307,19483,5043,13,9305,28042
7747,17869,66252,13,10406,31327
13859,1715,41478,11,2402,6310
13028,13153,69889,13,12158,25302
9965,6730,32097,11,3958,1000000000
3244,6890,63813,12,6741,16405
12875,13456,73859,12,4343,11331
18964,13516,1229,13,9378,25068
19380,12337,77395,12,4725,8919
14538,4776,23369,14,17990,36534
951,13665,56032,13,12145,1000000000
10395,16509,47831,13,13433,24591
9290,19374,71960,12,6259,16307
13,15950,65126,12,7913,1000000000
10348,15959,15703,13,9922,22513
3747,1445,51079,12,5441,14893
13874,8998,56814,13,8969,18670
16723,15013,30563,12,4463,14465
11172,17530,58759,12,5133,14766
17608,16130,33916,11,2596,6258
13258,14836,64911,11,3235,10261
16478,17281,22460,13,14901,28993
15824,13104,5552,12,6270,10661
10810,16825,33416,12,5814,16323
